{"train/epochs":94.02362343538815,"_step":50000,"_runtime":21217.558393564,"train/update_s":0.3804394322540611,"train/dataloading_s":0.013725447496399283,"train/l1_loss":0.05999281257390976,"train/steps":50000,"train/samples":3200000,"train/kld_loss":4.464713856577873e-05,"_timestamp":1.7657147052168999e+09,"train/episodes":5641.417406123288,"train/grad_norm":4.509174939393997,"_wandb":{"runtime":21217},"train/loss":0.06052190873771906,"train/lr":1.0000000000000021e-05}