{"train/dataloading_s":0.05059604042675346,"_wandb":{"runtime":32657},"train/update_s":0.3793482388416305,"train/episodes":8597.520126931891,"train/epochs":143.29200211553152,"train/loss":0.04683631658554077,"train/steps":76200,"train/samples":4876800,"train/lr":1.0000000000000021e-05,"train/grad_norm":3.549907781481743,"train/kld_loss":1.4054588973522186e-05,"_runtime":32657.741123366,"_step":76200,"train/l1_loss":0.04256238415837288,"_timestamp":1.765692512770195e+09}