{"train/samples":6169600,"_runtime":51611.216589507,"train/episodes":32908.04352464263,"train/loss":0.024179002167657018,"train/update_s":0.3761827138112858,"_step":96400,"_timestamp":1.7656596997006116e+09,"train/kld_loss":2.9481016099452972e-06,"train/steps":96400,"train/lr":1.0000000000000021e-05,"_wandb":{"runtime":51611},"train/dataloading_s":0.07915313868783415,"train/l1_loss":0.02321651391685009,"train/grad_norm":2.215143471956253,"train/epochs":1316.3217409857052}