{"train/samples":1702400,"train/update_s":0.37132088563404975,"train/dataloading_s":0.013370452979579568,"_runtime":20746.204082822,"_timestamp":1.7657136124734035e+09,"train/grad_norm":0.1574707292020321,"train/epochs":50.020567667626494,"_wandb":{"runtime":20746},"_step":53200,"train/episodes":3001.2340600575894,"train/loss":0.02436498925089836,"train/steps":53200,"train/lr":2.5000000000000053e-06}