{"train/grad_norm":3.209045524597168,"_step":13400,"train/update_s":2.140710273948498,"train/epochs":6.299582770171005,"_timestamp":1.765692418462664e+09,"train/lr":8.175551738896053e-06,"_runtime":30967,"train/episodes":377.97496621026033,"_wandb":{"runtime":30967},"train/dataloading_s":0.0062506520142778755,"train/loss":0.1045161634683609,"train/samples":214400,"train/steps":13400}